PhysLat,PhysLon,PhysCC,ClaimedLat,ClaimedLon,ClaimedCC
48.3200536664685,17.3730031429023,105,48.3200536664685,17.3730031429023,105
37.296958333728,-7.16827975993671,188,37.296958333728,-7.16827975993671,188
43.9945935973249,1.94223265355784,65,43.9945935973249,1.94223265355784,65
50.0273740732463,14.2282159698372,58,50.0273740732463,14.2282159698372,58
52.1422852469279,8.90012187464632,72,52.1422852469279,8.90012187464632,72
51.5425455970012,-0.524754316417102,207,51.5425455970012,-0.524754316417102,207
52.9583589143844,20.5314108264791,164,52.9583589143844,20.5314108264791,164
48.2466097676995,19.2199740585775,105,48.2466097676995,19.2199740585775,105
49.0111025316085,17.1787212134877,58,49.0111025316085,17.1787212134877,58
45.2347327821924,10.044872158239,86,45.2347327821924,10.044872158239,86
41.155054089408,-2.67628053514398,188,41.155054089408,-2.67628053514398,188
54.5440210770302,-7.22762399834454,207,54.5440210770302,-7.22762399834454,207
38.7815892066095,-3.64782405598407,188,38.7815892066095,-3.64782405598407,188
47.6514765222687,-1.82755207078671,65,47.6514765222687,-1.82755207078671,65
47.7675907101605,30.3376630706369,208,47.7675907101605,30.3376630706369,208
50.7712637164128,14.3955871972969,58,50.7712637164128,14.3955871972969,58
39.6228201153968,-4.77629008341529,188,39.6228201153968,-4.77629008341529,188
48.9655038199267,10.9499488188212,72,48.9655038199267,10.9499488188212,72
39.1093159111471,-4.78386516669703,188,39.1093159111471,-4.78386516669703,188
50.1711933050887,17.232205250224,58,50.1711933050887,17.232205250224,58
42.9873578450397,13.7709722560162,86,42.9873578450397,13.7709722560162,86
36.1708201264916,-5.84409103531253,188,36.1708201264916,-5.84409103531253,188
49.02076589602,13.3180371135471,72,49.02076589602,13.3180371135471,72
48.6477003309189,2.17510181342539,65,48.6477003309189,2.17510181342539,65
45.457168566001,35.0218847122024,208,45.457168566001,35.0218847122024,208
53.5292614114694,-2.65942017125411,207,53.5292614114694,-2.65942017125411,207
39.4794072444606,-4.83075482808034,188,39.4794072444606,-4.83075482808034,188
45.1691710853691,7.10676101101171,86,45.1691710853691,7.10676101101171,86
46.1072400078583,23.4449577839405,171,46.1072400078583,23.4449577839405,171
52.0078054345198,17.9481362125653,164,52.0078054345198,17.9481362125653,164
42.2407935741599,-4.35123049452167,188,42.2407935741599,-4.35123049452167,188
48.3637666607283,-0.196532352586651,65,48.3637666607283,-0.196532352586651,65
51.623102163814,10.6773585673327,72,51.623102163814,10.6773585673327,72
43.4418889439357,6.25492899804814,65,43.4418889439357,6.25492899804814,65
44.9347382335106,11.9856523087399,86,44.9347382335106,11.9856523087399,86
41.717812302879,-2.88679797105915,188,41.717812302879,-2.88679797105915,188
48.2829418826141,35.102138507641,208,48.2829418826141,35.102138507641,208
49.2238563608102,5.72154191757203,65,49.2238563608102,5.72154191757203,65
41.7368879125076,12.7176304345413,86,41.7368879125076,12.7176304345413,86
45.8396077333509,11.1799697652233,86,45.8396077333509,11.1799697652233,86
50.769172675811,29.7305036568465,208,50.769172675811,29.7305036568465,208
53.3181475677635,-0.925695695535005,207,53.3181475677635,-0.925695695535005,207
46.5868611855285,5.95154572204128,65,46.5868611855285,5.95154572204128,65
50.0465268200157,2.74617265203262,65,50.0465268200157,2.74617265203262,65
46.4749845866623,25.2058807658633,171,46.4749845866623,25.2058807658633,171
43.0640188763603,-2.80029742956209,188,43.0640188763603,-2.80029742956209,188
50.2326600509487,32.8753877330779,208,50.2326600509487,32.8753877330779,208
54.9414314475433,8.37558913401157,72,54.9414314475433,8.37558913401157,72
39.9919028892644,-0.389322783152444,188,39.9919028892644,-0.389322783152444,188
27.8120786665173,-15.7233698984336,188,27.8120786665173,-15.7233698984336,188
46.086452137915,23.2110357044084,171,46.086452137915,23.2110357044084,171
45.7319113392564,5.25997691958852,65,45.7319113392564,5.25997691958852,65
46.4617017634651,3.4085487758276,65,46.4617017634651,3.4085487758276,65
50.8314112979955,13.701369666245,72,50.8314112979955,13.701369666245,72
51.9226298753858,17.6293175929066,164,51.9226298753858,17.6293175929066,164
48.698635964837,14.6420528358479,58,48.698635964837,14.6420528358479,58
41.2470899005741,15.1780388161706,86,41.2470899005741,15.1780388161706,86
45.4436050684135,23.9355193857823,171,45.4436050684135,23.9355193857823,171
52.5709654997184,13.3577281149011,72,52.5709654997184,13.3577281149011,72
51.7575917653681,0.410783057605514,207,51.7575917653681,0.410783057605514,207
45.3747642646274,8.68627959040826,86,45.3747642646274,8.68627959040826,86
39.2556290794947,16.8196358820977,86,39.2556290794947,16.8196358820977,86
46.9181783470404,22.7906191606645,171,46.9181783470404,22.7906191606645,171
52.2460004366073,14.1820480162347,72,52.2460004366073,14.1820480162347,72
46.5285526100736,27.0256067102011,171,46.5285526100736,27.0256067102011,171
47.2178108945985,8.37329205865654,193,47.2178108945985,8.37329205865654,193
41.8366955068267,-0.875512226540671,188,41.8366955068267,-0.875512226540671,188
45.0216983557244,28.323644383945,171,45.0216983557244,28.323644383945,171
43.5169527875507,12.7530683755494,86,43.5169527875507,12.7530683755494,86
51.3397684104714,5.64045183076706,154,51.3397684104714,5.64045183076706,154
50.9848606687518,-1.80035911610458,207,50.9848606687518,-1.80035911610458,207
51.6301777785004,12.4144328707904,72,51.6301777785004,12.4144328707904,72
53.2855446662163,9.67822555084814,72,53.2855446662163,9.67822555084814,72
49.9157638398858,23.4440993036553,208,49.9157638398858,23.4440993036553,208
48.9436177085126,37.2186242438388,208,48.9436177085126,37.2186242438388,208
53.2750473109473,-3.51789710447024,207,53.2750473109473,-3.51789710447024,207
48.7014837053128,-0.0584365351544349,65,48.7014837053128,-0.0584365351544349,65
47.5113217731886,18.4090468767078,81,47.5113217731886,18.4090468767078,81
44.723118778232,5.1506480892124,65,44.723118778232,5.1506480892124,65
51.2810888924317,27.4230082504534,208,51.2810888924317,27.4230082504534,208
49.8020457312258,26.7318647339385,208,49.8020457312258,26.7318647339385,208
41.836869266183,13.7954831937888,86,41.836869266183,13.7954831937888,86
50.1780572712392,8.94158800557603,72,50.1780572712392,8.94158800557603,72
52.8972621849591,-0.296881725226832,207,52.8972621849591,-0.296881725226832,207
50.6590362072052,34.3630607606791,208,50.6590362072052,34.3630607606791,208
48.2735321052213,5.29221576139355,65,48.2735321052213,5.29221576139355,65
50.4712569307201,25.9829841752627,208,50.4712569307201,25.9829841752627,208
45.0402779960224,23.7003556835216,171,45.0402779960224,23.7003556835216,171
46.4488862427473,33.1357165826995,208,46.4488862427473,33.1357165826995,208
51.4345583485795,9.08953434075809,72,51.4345583485795,9.08953434075809,72
50.0430454729083,10.9643308560725,72,50.0430454729083,10.9643308560725,72
49.1824148969847,34.5244410524026,208,49.1824148969847,34.5244410524026,208
41.986682071335,12.2496783287837,86,41.986682071335,12.2496783287837,86
47.5524234008198,14.3445615724751,57,47.5524234008198,14.3445615724751,57
51.5880780715345,-1.2988431801979,207,51.5880780715345,-1.2988431801979,207
45.6215881430903,24.8215695189149,171,45.6215881430903,24.8215695189149,171
46.102381247643,18.7370132223689,81,46.102381247643,18.7370132223689,81
39.2106844040723,-6.0201973436834,188,39.2106844040723,-6.0201973436834,188
52.2178345643131,33.7459048611168,208,52.2178345643131,33.7459048611168,208
49.7857552740606,20.3666794245956,164,49.7857552740606,20.3666794245956,164
45.5359821506992,27.7730632232225,171,45.5359821506992,27.7730632232225,171
48.2318269701411,23.6406395359739,208,48.2318269701411,23.6406395359739,208
45.0862473577812,6.67407542221868,86,45.0862473577812,6.67407542221868,86
43.6894884999973,5.80320123158909,65,43.6894884999973,5.80320123158909,65
47.7138285749795,32.2306299288641,208,47.7138285749795,32.2306299288641,208
51.2825145481686,8.52846843199725,72,51.2825145481686,8.52846843199725,72
48.9190844639826,-0.377727699479337,65,48.9190844639826,-0.377727699479337,65
54.7777106836104,9.08903758925202,72,54.7777106836104,9.08903758925202,72
48.8602195024311,1.17821767738211,65,48.8602195024311,1.17821767738211,65
50.8137549045797,15.016271529646,58,50.8137549045797,15.016271529646,58
52.1525261465359,8.88947895516098,72,52.1525261465359,8.88947895516098,72
39.5930670559355,3.38746830209291,188,39.5930670559355,3.38746830209291,188
48.6861243012538,6.96441310907951,65,48.6861243012538,6.96441310907951,65
52.6915543066075,-2.26394093448948,207,52.6915543066075,-2.26394093448948,207
47.3894767978316,34.6534855346646,208,47.3894767978316,34.6534855346646,208
46.5050032029409,34.0121091045982,208,46.5050032029409,34.0121091045982,208
48.7498830753492,38.3782179171314,208,48.7498830753492,38.3782179171314,208
46.4576355559187,35.3452624744724,208,46.4576355559187,35.3452624744724,208
47.5431448512573,-1.58324119910105,65,47.5431448512573,-1.58324119910105,65
45.3677229557204,2.40158722610128,65,45.3677229557204,2.40158722610128,65
48.9638223462707,34.4908876659351,208,48.9638223462707,34.4908876659351,208
49.3059043630768,16.1463892116811,58,49.3059043630768,16.1463892116811,58
52.8525825884562,22.3430974247941,164,52.8525825884562,22.3430974247941,164
51.7482726161206,23.3199352126892,164,51.7482726161206,23.3199352126892,164
36.7075729342953,-4.54139562722779,188,36.7075729342953,-4.54139562722779,188
52.3307312686386,19.9769030494373,164,52.3307312686386,19.9769030494373,164
53.5326658971574,17.2041223944252,164,53.5326658971574,17.2041223944252,164
43.1506213646345,0.187656423472994,65,43.1506213646345,0.187656423472994,65
51.3854116890824,27.6341616401431,208,51.3854116890824,27.6341616401431,208
44.7244413233147,11.0766772856122,86,44.7244413233147,11.0766772856122,86
47.6464943940979,3.68761071520195,65,47.6464943940979,3.68761071520195,65
48.4551788609158,5.64848025684547,65,48.4551788609158,5.64848025684547,65
43.2214956232004,-7.94462115860341,188,43.2214956232004,-7.94462115860341,188
47.2803250360568,7.38872916182279,193,47.2803250360568,7.38872916182279,193
49.1761300100536,8.94554360893704,72,49.1761300100536,8.94554360893704,72
50.3349457463642,27.7591398747843,208,50.3349457463642,27.7591398747843,208
40.6884664341511,-5.56691119109942,188,40.6884664341511,-5.56691119109942,188
48.5552089478927,-4.38087691614388,65,48.5552089478927,-4.38087691614388,65
47.0309454568558,35.1821322154772,208,47.0309454568558,35.1821322154772,208
38.5498741394121,-7.24469292758217,188,38.5498741394121,-7.24469292758217,188
50.1568727356742,-5.53850868550128,207,50.1568727356742,-5.53850868550128,207
45.9317189710869,10.4326604034829,86,45.9317189710869,10.4326604034829,86
37.6253363500931,14.2856715162951,86,37.6253363500931,14.2856715162951,86
50.6117287391678,22.5051953391958,164,50.6117287391678,22.5051953391958,164
49.8190281989432,26.726575950503,208,49.8190281989432,26.726575950503,208
50.2333005514763,13.0124923088781,58,50.2333005514763,13.0124923088781,58
46.4000034653442,20.3385925470875,81,46.4000034653442,20.3385925470875,81
48.0316059851378,11.3633779957474,72,48.0316059851378,11.3633779957474,72
47.1841451093134,33.8961965993726,208,47.1841451093134,33.8961965993726,208
52.9904859995099,15.6803557125611,164,52.9904859995099,15.6803557125611,164
50.5015651159259,21.2978003997627,164,50.5015651159259,21.2978003997627,164
58.5200918570611,-4.40586378595162,207,58.5200918570611,-4.40586378595162,207
47.6131043259621,35.720030271895,208,47.6131043259621,35.720030271895,208
49.0576529428728,27.7747432491226,208,49.0576529428728,27.7747432491226,208
42.9087883683521,-6.92573288316481,188,42.9087883683521,-6.92573288316481,188
47.8899720459765,34.0476605066061,208,47.8899720459765,34.0476605066061,208
47.0073267520365,29.7996336363648,208,47.0073267520365,29.7996336363648,208
38.9987361090733,-3.08268869352493,188,38.9987361090733,-3.08268869352493,188
41.0381806747319,-6.58816931476703,188,41.0381806747319,-6.58816931476703,188
47.8292721861865,8.09324025069198,72,47.8292721861865,8.09324025069198,72
54.222259135375,19.8007986339655,164,54.222259135375,19.8007986339655,164
38.7884545346655,-1.7054615109484,188,38.7884545346655,-1.7054615109484,188
54.5212182651372,-6.13860196153763,207,54.5212182651372,-6.13860196153763,207
52.8929534727375,12.9395671090771,72,52.8929534727375,12.9395671090771,72
52.530263604656,1.48851043663414,207,52.530263604656,1.48851043663414,207
46.4493308900569,21.2796176553666,171,46.4493308900569,21.2796176553666,171
39.4914721361972,3.14795095933128,188,39.4914721361972,3.14795095933128,188
41.6399354011548,-1.28680338198281,188,41.6399354011548,-1.28680338198281,188
51.2192685457517,34.3202234432948,208,51.2192685457517,34.3202234432948,208
43.1688061214741,0.173416469687567,65,43.1688061214741,0.173416469687567,65
46.6332892220128,31.262792236962,208,46.6332892220128,31.262792236962,208
46.3376721474042,8.20502621556145,193,46.3376721474042,8.20502621556145,193
48.6779976468079,15.9120903361647,57,48.6779976468079,15.9120903361647,57
47.7830717050866,3.58679289237365,65,47.7830717050866,3.58679289237365,65
52.7749902264309,9.12098420438719,72,52.7749902264309,9.12098420438719,72
45.9894132033612,11.0940642477424,86,45.9894132033612,11.0940642477424,86
47.352241744168,4.29261056670755,65,47.352241744168,4.29261056670755,65
51.6825603998313,-2.85680736856607,207,51.6825603998313,-2.85680736856607,207
48.3819652174694,26.4050965396619,208,48.3819652174694,26.4050965396619,208
49.1686378101404,19.5212083268214,105,49.1686378101404,19.5212083268214,105
49.4959667395586,39.9598171137044,208,49.4959667395586,39.9598171137044,208
47.1743022050782,12.4860260129059,57,47.1743022050782,12.4860260129059,57
46.0333092086022,12.6897711147483,86,46.0333092086022,12.6897711147483,86
43.8827039974137,2.78222965641993,65,43.8827039974137,2.78222965641993,65
53.5851733585503,19.0938103062382,164,53.5851733585503,19.0938103062382,164
42.0637275262354,-3.59179219180344,188,42.0637275262354,-3.59179219180344,188
39.9587853311612,9.04353262889662,86,39.9587853311612,9.04353262889662,86
42.4064948169668,-0.600072062828716,188,42.4064948169668,-0.600072062828716,188
47.0810754754744,9.02421083956071,193,47.0810754754744,9.02421083956071,193
51.1025541676711,23.6519594584134,164,51.1025541676711,23.6519594584134,164
42.1812502446133,-0.994163033776147,188,42.1812502446133,-0.994163033776147,188
44.5654171444007,24.1566026892255,171,44.5654171444007,24.1566026892255,171
49.3438421649104,23.9021947052487,208,49.3438421649104,23.9021947052487,208
52.9236091008997,-3.34976596998379,207,52.9236091008997,-3.34976596998379,207
48.1994503383145,13.1642858265495,57,48.1994503383145,13.1642858265495,57
50.9840676827239,0.302957646502705,207,50.9840676827239,0.302957646502705,207
51.1568937935389,0.882204016156329,207,51.1568937935389,0.882204016156329,207
40.6068494977084,0.0359302435522224,188,40.6068494977084,0.0359302435522224,188
40.1696231194686,-1.66411149013248,188,40.1696231194686,-1.66411149013248,188
47.7539564025609,20.639047384621,81,47.7539564025609,20.639047384621,81
39.5469254849514,8.75647635329122,86,39.5469254849514,8.75647635329122,86
47.509356865983,17.4366413225739,81,47.509356865983,17.4366413225739,81
49.4662810566363,9.05676458973938,72,49.4662810566363,9.05676458973938,72
48.6136068601265,4.29398046844897,65,48.6136068601265,4.29398046844897,65
37.6694936224358,13.036837480364,86,37.6694936224358,13.036837480364,86
42.1000654546554,13.3176131476604,86,42.1000654546554,13.3176131476604,86
46.4644406355552,18.2780693779893,81,46.4644406355552,18.2780693779893,81
52.8239952147076,17.1423599442003,164,52.8239952147076,17.1423599442003,164
54.6975425217893,18.1631502007155,164,54.6975425217893,18.1631502007155,164
48.2868044105241,30.8193367023552,208,48.2868044105241,30.8193367023552,208
47.4292721962859,37.1218873071902,208,47.4292721962859,37.1218873071902,208
46.0534009827193,27.1707725317864,171,46.0534009827193,27.1707725317864,171
51.7177213596758,16.6536181669482,164,51.7177213596758,16.6536181669482,164
57.0041632155821,-5.0403126390258,207,57.0041632155821,-5.0403126390258,207
56.2187780029296,-4.82283915533168,207,56.2187780029296,-4.82283915533168,207
48.0510815005792,18.9723443348942,81,48.0510815005792,18.9723443348942,81
44.1147568848653,7.60811019991082,65,44.1147568848653,7.60811019991082,65
52.4144490621657,15.0973237651368,164,52.4144490621657,15.0973237651368,164
51.5027178562738,-1.46605469524322,207,51.5027178562738,-1.46605469524322,207
55.9444771196427,-5.53323149001654,207,55.9444771196427,-5.53323149001654,207
50.1664981863014,25.7319308591856,208,50.1664981863014,25.7319308591856,208
53.400697073495,20.1670414030114,164,53.400697073495,20.1670414030114,164
54.72234414019,-6.11046165841946,207,54.72234414019,-6.11046165841946,207
54.6344292623914,-7.269949375613,207,54.6344292623914,-7.269949375613,207
42.1279508358224,-0.394109879161753,188,42.1279508358224,-0.394109879161753,188
42.2057583367968,1.5799999565161,188,42.2057583367968,1.5799999565161,188
50.019383068859,5.6553072745619,129,50.019383068859,5.6553072745619,129
47.280947202445,24.1668392112137,171,47.280947202445,24.1668392112137,171
45.6375748058232,1.68265428130255,65,45.6375748058232,1.68265428130255,65
37.386780999516,13.3112923193971,86,37.386780999516,13.3112923193971,86
40.4760412549814,-3.41181642716752,188,40.4760412549814,-3.41181642716752,188
50.2126857011911,29.1881170838291,208,50.2126857011911,29.1881170838291,208
45.5599516139326,26.6950086683382,171,45.5599516139326,26.6950086683382,171
53.3622235796823,13.4034286144335,72,53.3622235796823,13.4034286144335,72
48.499448369296,-0.892883753234941,65,48.499448369296,-0.892883753234941,65
44.5321971852208,25.8708669928573,171,44.5321971852208,25.8708669928573,171
50.8329235443316,4.19205897724591,129,50.8329235443316,4.19205897724591,129
48.9411856178135,0.177442018230423,65,48.9411856178135,0.177442018230423,65
46.9104395172312,11.4007564221867,86,46.9104395172312,11.4007564221867,86
37.3253540945071,-6.789716110085,188,37.3253540945071,-6.789716110085,188
51.3432191424782,24.7383471148279,208,51.3432191424782,24.7383471148279,208
48.2079017985251,26.3940823408187,208,48.2079017985251,26.3940823408187,208
48.9390186068236,24.2960913610934,208,48.9390186068236,24.2960913610934,208
48.7860732978056,26.8233115905004,208,48.7860732978056,26.8233115905004,208
50.7668608784885,14.1411597600152,58,50.7668608784885,14.1411597600152,58
46.2796369714687,2.1943271547218,65,46.2796369714687,2.1943271547218,65
51.7584748842351,14.839721326783,164,51.7584748842351,14.839721326783,164
47.3414169202709,19.8690666088055,81,47.3414169202709,19.8690666088055,81
44.9183059779463,34.2775737732103,208,44.9183059779463,34.2775737732103,208
47.2074180790642,18.3065955786962,81,47.2074180790642,18.3065955786962,81
57.2752442460812,-6.19402411042936,207,57.2752442460812,-6.19402411042936,207
51.4265651911149,-2.818704277561,207,51.4265651911149,-2.818704277561,207
51.0083769671341,-3.13667388304928,207,51.0083769671341,-3.13667388304928,207
45.924946398526,12.3554303291561,86,45.924946398526,12.3554303291561,86
47.0414528389876,34.3691824699916,208,47.0414528389876,34.3691824699916,208
49.4108674464118,21.5958173483406,105,49.4108674464118,21.5958173483406,105
43.3098708020235,1.40354968443218,65,43.3098708020235,1.40354968443218,65
38.4270317977343,-1.17306805238336,188,38.4270317977343,-1.17306805238336,188
46.8217613316123,36.3476197013045,208,46.8217613316123,36.3476197013045,208
42.8724350825911,-3.32431095124748,188,42.8724350825911,-3.32431095124748,188
50.571894393567,15.893390414891,58,50.571894393567,15.893390414891,58
42.6029972060711,1.22136914424504,188,42.6029972060711,1.22136914424504,188
49.7449290660233,11.8915367510948,72,49.7449290660233,11.8915367510948,72
46.6465013293801,8.57692938038677,193,46.6465013293801,8.57692938038677,193
52.2927783492891,7.62552648764199,72,52.2927783492891,7.62552648764199,72
57.1940384260332,-6.33298175544334,207,57.1940384260332,-6.33298175544334,207
50.1235920567255,10.8919842899344,72,50.1235920567255,10.8919842899344,72
38.8548566717026,-4.42994700987111,188,38.8548566717026,-4.42994700987111,188
53.8179966482085,23.3426936813974,164,53.8179966482085,23.3426936813974,164
51.9276206860618,33.7624227713544,208,51.9276206860618,33.7624227713544,208
49.1135711083533,35.3942818047517,208,49.1135711083533,35.3942818047517,208
38.138411035059,15.2872285647603,86,38.138411035059,15.2872285647603,86
37.7999849033905,-3.50582748586572,188,37.7999849033905,-3.50582748586572,188
39.3227348641379,-2.51377962128226,188,39.3227348641379,-2.51377962128226,188
50.1277956276681,19.6376503493874,164,50.1277956276681,19.6376503493874,164
41.9467498637564,9.14156358025972,65,41.9467498637564,9.14156358025972,65
50.7493051233413,25.8996366457528,208,50.7493051233413,25.8996366457528,208
46.861243129056,9.70243120113363,193,46.861243129056,9.70243120113363,193
47.5770915280457,22.931052350055,171,47.5770915280457,22.931052350055,171
44.2952358350146,0.372101958095215,65,44.2952358350146,0.372101958095215,65
52.7714342701422,20.9998216922859,164,52.7714342701422,20.9998216922859,164
49.9852394968091,13.1638833855831,58,49.9852394968091,13.1638833855831,58
52.1479089890857,10.1322480449338,72,52.1479089890857,10.1322480449338,72
53.9385560911591,17.6888081336916,164,53.9385560911591,17.6888081336916,164
52.8392406791318,11.542883869491,72,52.8392406791318,11.542883869491,72
53.7878599490449,9.01327734809334,72,53.7878599490449,9.01327734809334,72
39.0959633089248,-5.0695608280064,188,39.0959633089248,-5.0695608280064,188
42.6764562759205,-7.95468540225279,188,42.6764562759205,-7.95468540225279,188
41.0843947604724,-0.41903959944819,188,41.0843947604724,-0.41903959944819,188
40.7023974238361,-0.2650977366132,188,40.7023974238361,-0.2650977366132,188
50.4906104998434,-4.53569990934346,207,50.4906104998434,-4.53569990934346,207
54.3162371922636,10.8265640658424,72,54.3162371922636,10.8265640658424,72
42.4304928950932,0.134761196821962,188,42.4304928950932,0.134761196821962,188
48.4527213507374,29.7525166307194,208,48.4527213507374,29.7525166307194,208
49.7572105670328,1.26798188600053,65,49.7572105670328,1.26798188600053,65
47.8726609260083,37.8854157057621,208,47.8726609260083,37.8854157057621,208
55.1992584826347,-1.99423859116811,207,55.1992584826347,-1.99423859116811,207
47.9797311239912,32.2346186205564,208,47.9797311239912,32.2346186205564,208
46.2356137036213,8.11585101140772,193,46.2356137036213,8.11585101140772,193
42.2465506241395,-6.71147034014574,188,42.2465506241395,-6.71147034014574,188
46.281927499314,1.29265954734605,65,46.281927499314,1.29265954734605,65
48.2656082390268,-4.14722299215448,65,48.2656082390268,-4.14722299215448,65
48.3164016322553,-1.47426920183415,65,48.3164016322553,-1.47426920183415,65
49.9644360128402,17.5667344601292,58,49.9644360128402,17.5667344601292,58
50.7828455071051,9.10711917509424,72,50.7828455071051,9.10711917509424,72
49.1492743916084,1.60147169829015,65,49.1492743916084,1.60147169829015,65
54.8463512127573,-3.34805953843725,207,54.8463512127573,-3.34805953843725,207
48.9644082692315,33.7725271966346,208,48.9644082692315,33.7725271966346,208
44.491405973019,10.1213798722888,86,44.491405973019,10.1213798722888,86
46.2714414485266,13.2802612008089,86,46.2714414485266,13.2802612008089,86
38.646745013801,-4.99414851076924,188,38.646745013801,-4.99414851076924,188
52.6374577216372,10.026203369305,72,52.6374577216372,10.026203369305,72
50.771249840015,-3.81964686597643,207,50.771249840015,-3.81964686597643,207
49.0421476168992,9.96428720099861,72,49.0421476168992,9.96428720099861,72
42.6452239991225,-7.84672902573727,188,42.6452239991225,-7.84672902573727,188
48.8089680652777,21.6102543242214,105,48.8089680652777,21.6102543242214,105
42.2974989589955,1.62501963110447,188,42.2974989589955,1.62501963110447,188
37.0702285477802,-4.92164722383072,188,37.0702285477802,-4.92164722383072,188
39.5698693723109,-4.79306521295053,188,39.5698693723109,-4.79306521295053,188
52.2267523896149,-3.04534102487707,207,52.2267523896149,-3.04534102487707,207
45.4955395971195,7.38564764861676,86,45.4955395971195,7.38564764861676,86
49.6751892540284,23.4239232153885,208,49.6751892540284,23.4239232153885,208
39.8377145745477,-0.293246277233763,188,39.8377145745477,-0.293246277233763,188
47.3337565041403,33.0170951295359,208,47.3337565041403,33.0170951295359,208
44.7164743769975,21.9854612148895,171,44.7164743769975,21.9854612148895,171
46.3477085082098,9.19047432427841,193,46.3477085082098,9.19047432427841,193
47.1143813118387,16.1218718454599,57,47.1143813118387,16.1218718454599,57
48.1072360897622,6.84789255091908,65,48.1072360897622,6.84789255091908,65
50.9033855954968,29.6796438732251,208,50.9033855954968,29.6796438732251,208
47.171907972818,3.58915317051316,65,47.171907972818,3.58915317051316,65
46.1238027772041,6.50017148824019,65,46.1238027772041,6.50017148824019,65
41.4337187270941,-2.78886555815432,188,41.4337187270941,-2.78886555815432,188
53.7347747193215,16.2583722256105,164,53.7347747193215,16.2583722256105,164
48.3073348585792,31.9732399651506,208,48.3073348585792,31.9732399651506,208
45.1786069046461,25.740850057484,171,45.1786069046461,25.740850057484,171
48.4783934897144,3.47340826407338,65,48.4783934897144,3.47340826407338,65
47.379613579252,8.45166708811881,193,47.379613579252,8.45166708811881,193
52.4573865779021,7.27233434560129,72,52.4573865779021,7.27233434560129,72
51.3696597763818,1.11599984208108,207,51.3696597763818,1.11599984208108,207
41.8128397281639,-2.03327735666696,188,41.8128397281639,-2.03327735666696,188
51.1636727900511,31.1351115781286,208,51.1636727900511,31.1351115781286,208
42.8190963463177,2.59525102724488,65,42.8190963463177,2.59525102724488,65
49.5544280182429,8.07567315588425,72,49.5544280182429,8.07567315588425,72
45.9825160362452,9.12179731366824,86,45.9825160362452,9.12179731366824,86
48.5379160911765,6.11989359136353,65,48.5379160911765,6.11989359136353,65
51.8559677891909,6.51979473076688,72,51.8559677891909,6.51979473076688,72
49.0552467041773,3.16736741353279,65,49.0552467041773,3.16736741353279,65
51.1734421179143,30.6947729244027,208,51.1734421179143,30.6947729244027,208
40.079534571789,8.50569630992535,86,40.079534571789,8.50569630992535,86
45.1960316488027,8.01629501903138,86,45.1960316488027,8.01629501903138,86
49.5392359629672,12.3406639057466,72,49.5392359629672,12.3406639057466,72
48.9924083214718,10.6409638991564,72,48.9924083214718,10.6409638991564,72
48.1426960071584,16.5073169545673,57,48.1426960071584,16.5073169545673,57
50.6499768047588,29.6833068342137,208,50.6499768047588,29.6833068342137,208
53.5166000182567,22.8992449960107,164,53.5166000182567,22.8992449960107,164
39.6637976565971,-1.62969219654478,188,39.6637976565971,-1.62969219654478,188
46.5950712746716,12.1635458182698,86,46.5950712746716,12.1635458182698,86
51.4579888359813,22.7350055787292,164,51.4579888359813,22.7350055787292,164
41.6528155766891,-1.18808398524257,188,41.6528155766891,-1.18808398524257,188
45.8766106474091,9.56484041337668,86,45.8766106474091,9.56484041337668,86
47.8646243686054,33.8325345429953,208,47.8646243686054,33.8325345429953,208
48.7154355607443,16.0643342940661,57,48.7154355607443,16.0643342940661,57
50.6321793930883,16.2134359679297,58,50.6321793930883,16.2134359679297,58
38.9522891883293,-5.25105632738305,188,38.9522891883293,-5.25105632738305,188
49.8762527946095,18.3127237420835,58,49.8762527946095,18.3127237420835,58
50.7032142043919,2.75706482652686,65,50.7032142043919,2.75706482652686,65
50.9885587317062,24.2285692077821,208,50.9885587317062,24.2285692077821,208
55.2314354141083,-4.70774602987344,207,55.2314354141083,-4.70774602987344,207
52.478051170268,1.70104007676445,207,52.478051170268,1.70104007676445,207
37.8811796487536,-3.21889078590115,188,37.8811796487536,-3.21889078590115,188
50.798060404583,-4.43738985672385,207,50.798060404583,-4.43738985672385,207
49.0849588172042,19.8898768614574,105,49.0849588172042,19.8898768614574,105
48.0729531788462,31.6629231760866,208,48.0729531788462,31.6629231760866,208
48.5650011245999,22.4820894476827,208,48.5650011245999,22.4820894476827,208
48.5533365746675,24.9121992506726,208,48.5533365746675,24.9121992506726,208
47.9385932806323,7.12779928403749,65,47.9385932806323,7.12779928403749,65
51.2472245652628,9.53247603679163,72,51.2472245652628,9.53247603679163,72
46.9103103159858,19.117770017431,81,46.9103103159858,19.117770017431,81
38.5597694465152,-6.32141174276084,188,38.5597694465152,-6.32141174276084,188
46.1156052419912,0.544557085154594,65,46.1156052419912,0.544557085154594,65
53.4969965707716,18.8957783525472,164,53.4969965707716,18.8957783525472,164
38.6765119198905,-1.27053439039763,188,38.6765119198905,-1.27053439039763,188
40.5206647542264,-0.0544677416943742,188,40.5206647542264,-0.0544677416943742,188
52.2106968352934,32.6722595815079,208,52.2106968352934,32.6722595815079,208
49.7503136974329,12.6362884851088,58,49.7503136974329,12.6362884851088,58
49.4226266662099,5.0712089227656,65,49.4226266662099,5.0712089227656,65
46.5638010115826,20.0518844789012,81,46.5638010115826,20.0518844789012,81
50.6627961432837,19.4682017799624,164,50.6627961432837,19.4682017799624,164
51.1953646350323,24.7698747956122,208,51.1953646350323,24.7698747956122,208
46.7372271912027,5.58351448869697,65,46.7372271912027,5.58351448869697,65
45.5592981267077,24.620278388532,171,45.5592981267077,24.620278388532,171
44.3786044301084,6.36993943534328,65,44.3786044301084,6.36993943534328,65
50.1338517202864,18.4387402618141,164,50.1338517202864,18.4387402618141,164
46.7155569737821,25.3329347502684,171,46.7155569737821,25.3329347502684,171
47.8843112409952,-2.32769278741027,65,47.8843112409952,-2.32769278741027,65
46.7680580606821,29.9683033782686,208,46.7680580606821,29.9683033782686,208
41.83018439648,-2.59794738991965,188,41.83018439648,-2.59794738991965,188
46.2790271818442,17.4930769378517,81,46.2790271818442,17.4930769378517,81
55.8240638580176,-3.3573766760094,207,55.8240638580176,-3.3573766760094,207
47.0691611620867,25.063653312075,171,47.0691611620867,25.063653312075,171
50.5643108637592,24.8163947589958,208,50.5643108637592,24.8163947589958,208
41.9475458024591,-2.71997021571109,188,41.9475458024591,-2.71997021571109,188
57.6560122288508,-4.75212941019997,207,57.6560122288508,-4.75212941019997,207
49.9403748023779,15.8863734016154,58,49.9403748023779,15.8863734016154,58
47.7673301431474,1.09666284682461,65,47.7673301431474,1.09666284682461,65
43.5415640620489,4.58377146700383,65,43.5415640620489,4.58377146700383,65
50.6352976758398,16.0720766220706,58,50.6352976758398,16.0720766220706,58
40.7733198583745,14.8198990690145,86,40.7733198583745,14.8198990690145,86
49.3711796740181,25.2414286407152,208,49.3711796740181,25.2414286407152,208
40.8923463726278,9.59100105152772,86,40.8923463726278,9.59100105152772,86
46.7704178952937,14.7647568653799,57,46.7704178952937,14.7647568653799,57
49.5223658334193,20.1066901447282,164,49.5223658334193,20.1066901447282,164
50.3926651009799,8.13003437754598,72,50.3926651009799,8.13003437754598,72
51.4623370757461,27.6626409518052,208,51.4623370757461,27.6626409518052,208
43.7431217587996,4.93604653570063,65,43.7431217587996,4.93604653570063,65
48.1874637061271,5.20364153129906,65,48.1874637061271,5.20364153129906,65
53.5705334151748,11.1900861795665,72,53.5705334151748,11.1900861795665,72
60.2065801784907,-1.18146433672832,207,60.2065801784907,-1.18146433672832,207
48.3914848655489,37.8956612921873,208,48.3914848655489,37.8956612921873,208
50.880226484668,7.01211362772397,72,50.880226484668,7.01211362772397,72
52.4616646455632,15.1956425370047,164,52.4616646455632,15.1956425370047,164
51.9911390446086,12.5228135924436,72,51.9911390446086,12.5228135924436,72
43.3618057481896,-3.60022701988981,188,43.3618057481896,-3.60022701988981,188
40.9825955355636,-4.07116807543287,188,40.9825955355636,-4.07116807543287,188
48.2756779576677,16.4953633090311,57,48.2756779576677,16.4953633090311,57
51.6808170899033,5.16742801317366,154,51.6808170899033,5.16742801317366,154
45.842551077017,3.37723129086603,65,45.842551077017,3.37723129086603,65
48.2299734664138,8.46786664440818,72,48.2299734664138,8.46786664440818,72
48.4288576320799,36.1071157577847,208,48.4288576320799,36.1071157577847,208
48.0424160145469,13.427582715833,57,48.0424160145469,13.427582715833,57
48.7279348783711,34.6485106097865,208,48.7279348783711,34.6485106097865,208
48.4202118492158,6.36365369052347,65,48.4202118492158,6.36365369052347,65
46.830438471855,11.9425470327174,86,46.830438471855,11.9425470327174,86
49.2323249243916,20.5445735937557,105,49.2323249243916,20.5445735937557,105
53.1346733002326,17.7710654552517,164,53.1346733002326,17.7710654552517,164
46.3486148248959,0.328569762025985,65,46.3486148248959,0.328569762025985,65
49.120439154307,35.3698348505128,208,49.120439154307,35.3698348505128,208
50.8852367211914,5.32996414005043,129,50.8852367211914,5.32996414005043,129
49.1359090294627,12.5610371499979,72,49.1359090294627,12.5610371499979,72
47.78707740162,23.8482261754704,171,47.78707740162,23.8482261754704,171
50.4610416614288,17.9455847436477,164,50.4610416614288,17.9455847436477,164
46.0059020461494,7.23988281603076,193,46.0059020461494,7.23988281603076,193
44.5213615941646,-0.0509351503310995,65,44.5213615941646,-0.0509351503310995,65
51.290782672404,9.68474376467037,72,51.290782672404,9.68474376467037,72
43.4872261947464,2.22127347636933,65,43.4872261947464,2.22127347636933,65
45.2139336879895,1.61452915327914,65,45.2139336879895,1.61452915327914,65
51.1935727026373,13.9803843279107,72,51.1935727026373,13.9803843279107,72
49.8218128302426,37.4060090968954,208,49.8218128302426,37.4060090968954,208
43.3103172285338,12.9179770825,86,43.3103172285338,12.9179770825,86
43.6500067313324,-0.838076902682317,65,43.6500067313324,-0.838076902682317,65
50.3820755234953,9.6968684218663,72,50.3820755234953,9.6968684218663,72
45.7644882118006,23.7471450321036,171,45.7644882118006,23.7471450321036,171
53.9383508069745,9.31632583617493,72,53.9383508069745,9.31632583617493,72
50.215906356264,13.0538454588085,58,50.215906356264,13.0538454588085,58
56.4732663195419,-3.52989074174092,207,56.4732663195419,-3.52989074174092,207
39.7492499979263,-5.30374866528921,188,39.7492499979263,-5.30374866528921,188
40.8100695138093,14.5117269413466,86,40.8100695138093,14.5117269413466,86
38.8450464736885,-1.94882929386757,188,38.8450464736885,-1.94882929386757,188
51.5167604805421,8.01633529522123,72,51.5167604805421,8.01633529522123,72
48.8270552083995,34.5603390898035,208,48.8270552083995,34.5603390898035,208
40.1579653620905,-6.05115036516101,188,40.1579653620905,-6.05115036516101,188
40.8570574743536,-2.80392538509221,188,40.8570574743536,-2.80392538509221,188
43.0747927623565,11.1579748291156,86,43.0747927623565,11.1579748291156,86
50.865643721485,27.2098404252079,208,50.865643721485,27.2098404252079,208
52.7829832588072,22.3657632099346,164,52.7829832588072,22.3657632099346,164
49.1671445594651,13.952612538858,58,49.1671445594651,13.952612538858,58
45.2200781551719,5.3491153849958,65,45.2200781551719,5.3491153849958,65
41.0982653442834,-6.60777153822746,188,41.0982653442834,-6.60777153822746,188
51.0075575770778,6.71158234049484,72,51.0075575770778,6.71158234049484,72
42.6994773959804,2.74202808996372,65,42.6994773959804,2.74202808996372,65
42.090536572745,-6.68366365038322,188,42.090536572745,-6.68366365038322,188
52.8132676959309,21.7079089043938,164,52.8132676959309,21.7079089043938,164
48.3202463119847,29.1607730547578,208,48.3202463119847,29.1607730547578,208
38.6155899186002,-3.1050971013095,188,38.6155899186002,-3.1050971013095,188
48.7575916852322,21.3324511352613,105,48.7575916852322,21.3324511352613,105
47.0357604277224,20.8443641383034,81,47.0357604277224,20.8443641383034,81
47.8671391561427,33.0471334924954,208,47.8671391561427,33.0471334924954,208
47.7388350333221,5.07091281271627,65,47.7388350333221,5.07091281271627,65
45.9766675984773,-0.0333399686211351,65,45.9766675984773,-0.0333399686211351,65
42.3803355526902,-1.40896566142126,188,42.3803355526902,-1.40896566142126,188
44.1762842649736,0.223054226429362,65,44.1762842649736,0.223054226429362,65
48.4628653103752,28.3374789708704,208,48.4628653103752,28.3374789708704,208
43.7387353752032,24.7963463893724,171,43.7387353752032,24.7963463893724,171
47.7992154154608,16.5060212271977,57,47.7992154154608,16.5060212271977,57
53.0634875057393,-1.71290141867372,207,53.0634875057393,-1.71290141867372,207
46.7228470473233,24.7244335040218,171,46.7228470473233,24.7244335040218,171
44.2499989900049,25.7319808753751,171,44.2499989900049,25.7319808753751,171
48.3722296523103,10.4287308013436,72,48.3722296523103,10.4287308013436,72
49.5887790055646,37.5108055531694,208,49.5887790055646,37.5108055531694,208
49.2190463264036,8.86962562257176,72,49.2190463264036,8.86962562257176,72
38.1231271043791,-0.826873293227607,188,38.1231271043791,-0.826873293227607,188
45.3450879056719,1.18025786117605,65,45.3450879056719,1.18025786117605,65
47.89575777841,30.2165429119729,208,47.89575777841,30.2165429119729,208
37.2861824926105,14.4161521293148,86,37.2861824926105,14.4161521293148,86
41.2433371147851,15.5449735421157,86,41.2433371147851,15.5449735421157,86
48.078256992903,14.2012383829369,57,48.078256992903,14.2012383829369,57
41.0624954188676,-0.276474522274967,188,41.0624954188676,-0.276474522274967,188
52.9300084720011,9.95948168056342,72,52.9300084720011,9.95948168056342,72
47.7344197675386,11.2093955579122,72,47.7344197675386,11.2093955579122,72
49.2655489828038,34.5892743738375,208,49.2655489828038,34.5892743738375,208
48.090931053913,38.2016758365456,208,48.090931053913,38.2016758365456,208
48.0815399815014,13.4973875535085,57,48.0815399815014,13.4973875535085,57
45.3801406327785,1.54885801233639,65,45.3801406327785,1.54885801233639,65
49.0125463354487,34.8058926345288,208,49.0125463354487,34.8058926345288,208
47.6680215335957,10.3024813461607,72,47.6680215335957,10.3024813461607,72
44.9350931437928,-0.766936769267204,65,44.9350931437928,-0.766936769267204,65
46.3804555586851,11.6727593507952,86,46.3804555586851,11.6727593507952,86
46.3878855508189,28.0277264146868,171,46.3878855508189,28.0277264146868,171
41.1716513457351,-0.430886657932021,188,41.1716513457351,-0.430886657932021,188
50.8072615013569,26.6949227147337,208,50.8072615013569,26.6949227147337,208
50.9364736943316,18.8110225313434,164,50.9364736943316,18.8110225313434,164
48.8751573924808,9.79537173630449,72,48.8751573924808,9.79537173630449,72
49.2313774649459,37.9759942988602,208,49.2313774649459,37.9759942988602,208
49.9095694984959,12.4549565177539,72,49.9095694984959,12.4549565177539,72
42.6327394909034,1.45146973285941,65,42.6327394909034,1.45146973285941,65
47.6069136712294,3.95241852285793,65,47.6069136712294,3.95241852285793,65
47.4752682103103,8.76819456486992,193,47.4752682103103,8.76819456486992,193
48.1768989810707,20.3689315348337,81,48.1768989810707,20.3689315348337,81
50.3308290347346,20.5471720655794,164,50.3308290347346,20.5471720655794,164
46.4009801700537,10.8549284666471,86,46.4009801700537,10.8549284666471,86
57.1684847577656,-5.07183239074302,207,57.1684847577656,-5.07183239074302,207
40.6695586470657,-6.15048388073556,188,40.6695586470657,-6.15048388073556,188
40.0188586994661,-2.71764628230327,188,40.0188586994661,-2.71764628230327,188
49.9222823563252,25.9862804855623,208,49.9222823563252,25.9862804855623,208
48.0085288184665,2.28493409928027,65,48.0085288184665,2.28493409928027,65
50.0060569555946,20.9365708668379,164,50.0060569555946,20.9365708668379,164
55.9317153102001,-4.47549123099167,207,55.9317153102001,-4.47549123099167,207
41.6965682999005,12.7612109131796,86,41.6965682999005,12.7612109131796,86
49.4033217060587,36.4835270454746,208,49.4033217060587,36.4835270454746,208
49.8162452385472,16.3137368806279,58,49.8162452385472,16.3137368806279,58
38.7140395298135,0.116185693305916,188,38.7140395298135,0.116185693305916,188
48.5863057058701,19.7355520911574,105,48.5863057058701,19.7355520911574,105
43.962114693445,1.40339997099743,65,43.962114693445,1.40339997099743,65
51.541470371945,5.89115933319081,154,51.541470371945,5.89115933319081,154
44.2108171265227,1.42175160440214,65,44.2108171265227,1.42175160440214,65
50.0719598293829,30.5389438414049,208,50.0719598293829,30.5389438414049,208
43.279488900679,12.477951822152,86,43.279488900679,12.477951822152,86
46.9544525431078,31.2885673622133,208,46.9544525431078,31.2885673622133,208
52.0268193254896,12.2333430023408,72,52.0268193254896,12.2333430023408,72
53.0980070279211,22.7661249521047,164,53.0980070279211,22.7661249521047,164
50.164820588411,2.04239101352163,65,50.164820588411,2.04239101352163,65
49.5302095916422,8.74528876833334,72,49.5302095916422,8.74528876833334,72
48.6088955739024,5.82586270220586,65,48.6088955739024,5.82586270220586,65
42.4008622003047,-2.47013956160675,188,42.4008622003047,-2.47013956160675,188
51.766460418361,16.3256233221591,164,51.766460418361,16.3256233221591,164
51.5991554202486,14.1143899099457,72,51.5991554202486,14.1143899099457,72
45.044286989324,0.175586569454026,65,45.044286989324,0.175586569454026,65
50.1592646655346,6.98778493081127,72,50.1592646655346,6.98778493081127,72
47.0098761690646,21.6273120719507,81,47.0098761690646,21.6273120719507,81
47.8369310643332,6.30990009410963,65,47.8369310643332,6.30990009410963,65
44.9156587688632,10.8827303117632,86,44.9156587688632,10.8827303117632,86
43.0838861236459,1.3692616210549,65,43.0838861236459,1.3692616210549,65
51.3245698848668,16.3698301397383,164,51.3245698848668,16.3698301397383,164
50.85844195301,26.1820894152432,208,50.85844195301,26.1820894152432,208
47.3757939175807,5.95049461369389,65,47.3757939175807,5.95049461369389,65
54.1229082834323,9.9248068720202,72,54.1229082834323,9.9248068720202,72
50.9500347559521,-4.24449188381413,207,50.9500347559521,-4.24449188381413,207
47.4739848486178,0.38807047923946,65,47.4739848486178,0.38807047923946,65
51.2008690013379,18.2750881800293,164,51.2008690013379,18.2750881800293,164
39.6993195447683,-4.26136827897591,188,39.6993195447683,-4.26136827897591,188
52.8061603231237,18.4632452024526,164,52.8061603231237,18.4632452024526,164
58.2246588465454,-3.87508111971514,207,58.2246588465454,-3.87508111971514,207
43.441909776786,-6.80643884686278,188,43.441909776786,-6.80643884686278,188
47.9547327117677,25.1085989211775,208,47.9547327117677,25.1085989211775,208
37.3274025596499,-5.64447912258927,188,37.3274025596499,-5.64447912258927,188
44.4879103572707,6.86302440359133,86,44.4879103572707,6.86302440359133,86
45.5130598610623,12.0466535836327,86,45.5130598610623,12.0466535836327,86
44.3641565033106,-0.177463858781415,65,44.3641565033106,-0.177463858781415,65
47.5315975429996,-0.843663516552162,65,47.5315975429996,-0.843663516552162,65
47.4268606557263,17.6784915688886,81,47.4268606557263,17.6784915688886,81
51.0707649778746,34.8774529355809,208,51.0707649778746,34.8774529355809,208
49.1059331093706,25.1016939973036,208,49.1059331093706,25.1016939973036,208
41.6372503425024,14.9699333762985,86,41.6372503425024,14.9699333762985,86
40.1032305236346,-0.954825864568065,188,40.1032305236346,-0.954825864568065,188
50.2571729643495,15.5441563702419,58,50.2571729643495,15.5441563702419,58
53.9581790073283,13.2622505223709,72,53.9581790073283,13.2622505223709,72
52.587497773101,13.6635217601372,72,52.587497773101,13.6635217601372,72
40.5005180919078,-2.81056050073207,188,40.5005180919078,-2.81056050073207,188
48.2253508051302,2.25440603147953,65,48.2253508051302,2.25440603147953,65
47.3697493281788,-3.23875123094051,65,47.3697493281788,-3.23875123094051,65
45.6606705464315,22.2038809268296,171,45.6606705464315,22.2038809268296,171
53.2078825740449,21.2736273722182,164,53.2078825740449,21.2736273722182,164
36.8352140131486,-5.81585645800522,188,36.8352140131486,-5.81585645800522,188
45.8805124375867,29.2349797388231,208,45.8805124375867,29.2349797388231,208
52.3827586844892,1.21919471764259,207,52.3827586844892,1.21919471764259,207
52.8090884387915,-2.45857123881738,207,52.8090884387915,-2.45857123881738,207
42.3503088874318,-5.12370349016925,188,42.3503088874318,-5.12370349016925,188
39.4502166058758,16.0365559706086,86,39.4502166058758,16.0365559706086,86
49.3653555624799,17.1940870902034,58,49.3653555624799,17.1940870902034,58
48.4764359265188,-4.77866775874816,65,48.4764359265188,-4.77866775874816,65
50.9044484873101,25.8884700802266,208,50.9044484873101,25.8884700802266,208
39.4092895716818,-5.04692424052725,188,39.4092895716818,-5.04692424052725,188
38.9782078618066,-5.53701919136439,188,38.9782078618066,-5.53701919136439,188
52.2785500552374,18.911077297781,164,52.2785500552374,18.911077297781,164
42.2808825910798,-8.1271625980166,188,42.2808825910798,-8.1271625980166,188
43.8915840719035,1.30212082026927,65,43.8915840719035,1.30212082026927,65
52.6156343923157,13.1564716151317,72,52.6156343923157,13.1564716151317,72
44.4668796376062,7.55563833903715,86,44.4668796376062,7.55563833903715,86
51.8635699182906,18.2883155938235,164,51.8635699182906,18.2883155938235,164
53.9444918113357,19.0675727481077,164,53.9444918113357,19.0675727481077,164
38.8504871938187,-5.68174456421959,188,38.8504871938187,-5.68174456421959,188
39.1305976424899,-6.21280727357257,188,39.1305976424899,-6.21280727357257,188
55.8456182266756,-2.64791326755769,207,55.8456182266756,-2.64791326755769,207
48.9108120887938,35.1954295508286,208,48.9108120887938,35.1954295508286,208
38.0449166262353,-3.07489187679185,188,38.0449166262353,-3.07489187679185,188
51.9719845027466,5.54799980532208,154,51.9719845027466,5.54799980532208,154
47.7810315418306,36.763325269638,208,47.7810315418306,36.763325269638,208
51.4950028431664,18.1049862919164,164,51.4950028431664,18.1049862919164,164
39.3455884542999,-2.69734437551529,188,39.3455884542999,-2.69734437551529,188
51.1748944469277,-0.429883197123814,207,51.1748944469277,-0.429883197123814,207
48.3512221738528,24.8224068727703,208,48.3512221738528,24.8224068727703,208
52.6182555597738,9.01945205237211,72,52.6182555597738,9.01945205237211,72
47.8318960881001,24.2005411633359,171,47.8318960881001,24.2005411633359,171
51.5248700029939,5.05497736994345,154,51.5248700029939,5.05497736994345,154
50.2576485833392,17.4763908740162,58,50.2576485833392,17.4763908740162,58
50.0546755390861,10.803265622022,72,50.0546755390861,10.803265622022,72
49.4252777741081,-1.45065195742348,65,49.4252777741081,-1.45065195742348,65
53.2587451722323,14.5731512092843,164,53.2587451722323,14.5731512092843,164
52.411502936015,18.8879704309095,164,52.411502936015,18.8879704309095,164
50.3757470198869,20.814811329616,164,50.3757470198869,20.814811329616,164
44.4638878612437,27.1664199686986,171,44.4638878612437,27.1664199686986,171
51.5519323765476,21.3527380737936,164,51.5519323765476,21.3527380737936,164
51.5353317118393,32.439224768642,208,51.5353317118393,32.439224768642,208
47.3095931988324,15.4488202958483,57,47.3095931988324,15.4488202958483,57
50.9557142613075,11.6863782923533,72,50.9557142613075,11.6863782923533,72
43.7047041370146,4.03475843258736,65,43.7047041370146,4.03475843258736,65
44.4942241648682,7.23454287017044,86,44.4942241648682,7.23454287017044,86
50.0621881430406,27.3598002618452,208,50.0621881430406,27.3598002618452,208
46.1825292696096,3.72938154507557,65,46.1825292696096,3.72938154507557,65
52.1939562079319,14.6540371869978,72,52.1939562079319,14.6540371869978,72
46.1274285941459,12.3230853980804,86,46.1274285941459,12.3230853980804,86
45.5164520213565,27.9541484692834,171,45.5164520213565,27.9541484692834,171
51.0724370097239,23.2031556273133,164,51.0724370097239,23.2031556273133,164
47.292668029901,3.55911390149151,65,47.292668029901,3.55911390149151,65
51.1119402220051,23.1789977677961,164,51.1119402220051,23.1789977677961,164
47.4662309621915,2.3082965731575,65,47.4662309621915,2.3082965731575,65
50.8070724503809,0.0484259863223855,207,50.8070724503809,0.0484259863223855,207
44.8447789079854,10.0597784484324,86,44.8447789079854,10.0597784484324,86
45.5863255006195,35.100506207845,208,45.5863255006195,35.100506207845,208
49.5102461562512,34.3149742426718,208,49.5102461562512,34.3149742426718,208
53.8510929420459,13.2156010874408,72,53.8510929420459,13.2156010874408,72
40.2012750090165,-1.58274765678065,188,40.2012750090165,-1.58274765678065,188
48.8397087085999,24.0093654428267,208,48.8397087085999,24.0093654428267,208
56.7121169577724,-5.07761246953705,207,56.7121169577724,-5.07761246953705,207
41.6067479925749,1.88983379926481,188,41.6067479925749,1.88983379926481,188
40.4706919328875,-2.23673238226634,188,40.4706919328875,-2.23673238226634,188
51.788491989742,26.1616044649468,208,51.788491989742,26.1616044649468,208
52.2318739251779,-2.94052022686849,207,52.2318739251779,-2.94052022686849,207
46.7716075633829,6.08851272413334,65,46.7716075633829,6.08851272413334,65
51.1162432185538,22.339295912648,164,51.1162432185538,22.339295912648,164
47.4094558531843,23.3659447384123,171,47.4094558531843,23.3659447384123,171
43.0704619201778,0.150189482859723,65,43.0704619201778,0.150189482859723,65
44.6833051992385,9.90336026748072,86,44.6833051992385,9.90336026748072,86
50.233364862642,18.2480116479698,164,50.233364862642,18.2480116479698,164
46.1034844913439,3.84448484888485,65,46.1034844913439,3.84448484888485,65
44.8565584829129,29.3165688285993,171,44.8565584829129,29.3165688285993,171
53.0019734359135,5.53448040872041,154,53.0019734359135,5.53448040872041,154
48.6381228325533,6.66922149935104,65,48.6381228325533,6.66922149935104,65
42.0685195286107,13.9332287445559,86,42.0685195286107,13.9332287445559,86
45.4985010337753,12.0811579798843,86,45.4985010337753,12.0811579798843,86
42.1216146290729,8.89961509981329,65,42.1216146290729,8.89961509981329,65
40.9838815532912,14.6129321619594,86,40.9838815532912,14.6129321619594,86
50.4426417367205,13.0249849490155,58,50.4426417367205,13.0249849490155,58
44.2428672602906,11.9196071855151,86,44.2428672602906,11.9196071855151,86
48.9692215742061,33.2438712152559,208,48.9692215742061,33.2438712152559,208
52.1254862269203,13.3169533033782,72,52.1254862269203,13.3169533033782,72
51.3902506244391,11.1812115897995,72,51.3902506244391,11.1812115897995,72
54.7715899556844,9.49421403809225,72,54.7715899556844,9.49421403809225,72
51.1550300059535,0.167689778569788,207,51.1550300059535,0.167689778569788,207
49.6502212617634,19.5027318834392,164,49.6502212617634,19.5027318834392,164
46.1157685262495,8.40843800435709,86,46.1157685262495,8.40843800435709,86
50.3665097442748,18.200098816688,164,50.3665097442748,18.200098816688,164
47.4295988042128,32.7506526611955,208,47.4295988042128,32.7506526611955,208
49.6020959179329,35.2810853819407,208,49.6020959179329,35.2810853819407,208
47.5794896628417,23.019096943466,171,47.5794896628417,23.019096943466,171
44.3794748681022,12.0392310555051,86,44.3794748681022,12.0392310555051,86
50.9549017022076,4.14928962987953,129,50.9549017022076,4.14928962987953,129
47.2443636761778,34.9495669731251,208,47.2443636761778,34.9495669731251,208
49.6114296025908,0.752020492949868,65,49.6114296025908,0.752020492949868,65
48.5097776146815,13.3849375275103,72,48.5097776146815,13.3849375275103,72
48.8445340197263,6.09879276499009,65,48.8445340197263,6.09879276499009,65
53.7803963757762,-0.891615851492752,207,53.7803963757762,-0.891615851492752,207
44.2515091525045,0.136113524341198,65,44.2515091525045,0.136113524341198,65
49.4664226181063,31.0652423451561,208,49.4664226181063,31.0652423451561,208
46.4894084137171,33.997568452909,208,46.4894084137171,33.997568452909,208
43.312003656857,-6.65179328924414,188,43.312003656857,-6.65179328924414,188
36.6633739032884,-6.10397817917327,188,36.6633739032884,-6.10397817917327,188
49.0138252526473,32.958190315495,208,49.0138252526473,32.958190315495,208
50.787979397834,19.8208145666439,164,50.787979397834,19.8208145666439,164
38.5676442543363,-3.63795602977909,188,38.5676442543363,-3.63795602977909,188
54.4250574295257,-6.54454607591068,207,54.4250574295257,-6.54454607591068,207
53.0409750426671,22.9400079179734,164,53.0409750426671,22.9400079179734,164
51.8921127949974,21.0015380823878,164,51.8921127949974,21.0015380823878,164
48.6374129745091,3.90009046437817,65,48.6374129745091,3.90009046437817,65
49.3435297181555,16.2696712037797,58,49.3435297181555,16.2696712037797,58
41.5094470502525,0.287432106337363,188,41.5094470502525,0.287432106337363,188
46.970579142392,16.395348099489,81,46.970579142392,16.395348099489,81
42.9874786089481,1.0198381076916,65,42.9874786089481,1.0198381076916,65
48.6126039296261,12.5317273648743,72,48.6126039296261,12.5317273648743,72
40.0144490297937,-0.335551304570885,188,40.0144490297937,-0.335551304570885,188
49.3906767501808,39.3884278107897,208,49.3906767501808,39.3884278107897,208
43.7408249297739,24.8753065572044,171,43.7408249297739,24.8753065572044,171
46.3684325944307,9.50268253558713,193,46.3684325944307,9.50268253558713,193
49.8469652848079,25.2729899095015,208,49.8469652848079,25.2729899095015,208
45.0688727101691,8.54562439622926,86,45.0688727101691,8.54562439622926,86
52.8111100430177,8.9472794778891,72,52.8111100430177,8.9472794778891,72
47.9985691619751,10.6614383852568,72,47.9985691619751,10.6614383852568,72
58.0784142614372,-4.31298246867458,207,58.0784142614372,-4.31298246867458,207
47.024917673436,16.0488782783797,57,47.024917673436,16.0488782783797,57
42.3115734563525,13.513924836476,86,42.3115734563525,13.513924836476,86
48.4752086533528,37.557800889293,208,48.4752086533528,37.557800889293,208
37.7412946129136,-0.925971941677858,188,37.7412946129136,-0.925971941677858,188
38.3408472928877,-4.26242811514354,188,38.3408472928877,-4.26242811514354,188
37.7033556367886,14.0797386651568,86,37.7033556367886,14.0797386651568,86
49.4797748715738,3.51259763208741,65,49.4797748715738,3.51259763208741,65
40.0455606216649,8.75311123777483,86,40.0455606216649,8.75311123777483,86
45.4968658066308,2.22664079188524,65,45.4968658066308,2.22664079188524,65
47.8995184458421,26.6610309530668,171,47.8995184458421,26.6610309530668,171
36.979688142658,-2.7792406411365,188,36.979688142658,-2.7792406411365,188
44.1881837257105,3.66137827611525,65,44.1881837257105,3.66137827611525,65
48.2561493327013,8.02913366562915,72,48.2561493327013,8.02913366562915,72
48.0218518111506,2.34173842492974,65,48.0218518111506,2.34173842492974,65
46.3597253175819,29.5784767619234,208,46.3597253175819,29.5784767619234,208
43.6919660886354,6.11717186287595,65,43.6919660886354,6.11717186287595,65
50.8721045218475,4.99614647651257,129,50.8721045218475,4.99614647651257,129
55.4591725023768,-3.13041424752213,207,55.4591725023768,-3.13041424752213,207
51.4800805294423,21.0971739720898,164,51.4800805294423,21.0971739720898,164
53.0282907964745,19.1071057113066,164,53.0282907964745,19.1071057113066,164
51.6160577028034,19.8197388713779,164,51.6160577028034,19.8197388713779,164
49.0436641442935,16.4068182633214,58,49.0436641442935,16.4068182633214,58
46.3125976934251,32.8521966349183,208,46.3125976934251,32.8521966349183,208
48.6743230691228,26.800786539237,208,48.6743230691228,26.800786539237,208
48.3806252649608,39.0067512695921,208,48.3806252649608,39.0067512695921,208
49.790109234112,15.9966151434462,58,49.790109234112,15.9966151434462,58
46.9422120750491,20.4443436893075,81,46.9422120750491,20.4443436893075,81
45.2485507844377,10.8511249533926,86,45.2485507844377,10.8511249533926,86
44.156271222977,10.3869455539785,86,44.156271222977,10.3869455539785,86
44.7574376946746,10.8888801495909,86,44.7574376946746,10.8888801495909,86
49.0444724109914,30.9352158113523,208,49.0444724109914,30.9352158113523,208
48.059425070809,18.6506457953868,105,48.059425070809,18.6506457953868,105
52.5819071280351,18.8189322711368,164,52.5819071280351,18.8189322711368,164
57.4121229573997,-6.36228776599938,207,57.4121229573997,-6.36228776599938,207
51.2785971488897,27.1172025784966,208,51.2785971488897,27.1172025784966,208
50.6603490746007,26.1053765868313,208,50.6603490746007,26.1053765868313,208
48.5739123479877,1.90743328047563,65,48.5739123479877,1.90743328047563,65
52.2222132511611,11.7727259894929,72,52.2222132511611,11.7727259894929,72
53.1331105870942,16.747016640908,164,53.1331105870942,16.747016640908,164
41.2056218654021,0.686148979900743,188,41.2056218654021,0.686148979900743,188
49.0344546660797,21.6278184540803,105,49.0344546660797,21.6278184540803,105
40.3745636410366,9.27513677107562,86,40.3745636410366,9.27513677107562,86
47.6718681916381,7.6624068089621,72,47.6718681916381,7.6624068089621,72
47.2394163391075,14.0745644797881,57,47.2394163391075,14.0745644797881,57
46.1123052631903,12.8783663854792,86,46.1123052631903,12.8783663854792,86
47.7526259567286,22.7540481146273,171,47.7526259567286,22.7540481146273,171
46.9565470563058,25.6925920838973,171,46.9565470563058,25.6925920838973,171
47.5150547170296,24.3930171021806,171,47.5150547170296,24.3930171021806,171
49.1244723569386,6.23628028857357,65,49.1244723569386,6.23628028857357,65
40.6528321156483,15.8050688399709,86,40.6528321156483,15.8050688399709,86
51.4689652925284,25.2342242626925,208,51.4689652925284,25.2342242626925,208
48.8747505970392,29.4279874488073,208,48.8747505970392,29.4279874488073,208
44.1260959168976,12.1719604921893,86,44.1260959168976,12.1719604921893,86
52.1096590742309,5.31876331719733,154,52.1096590742309,5.31876331719733,154
46.5800502312009,32.1540844168355,208,46.5800502312009,32.1540844168355,208
53.5505494791983,22.3599078866834,164,53.5505494791983,22.3599078866834,164
47.982870093751,35.3466028586741,208,47.982870093751,35.3466028586741,208
53.566917289521,11.0098145663406,72,53.566917289521,11.0098145663406,72
50.3827164798992,34.8925511830569,208,50.3827164798992,34.8925511830569,208
48.9310855148363,22.643372034343,208,48.9310855148363,22.643372034343,208
53.1963020896615,-1.10320721650519,207,53.1963020896615,-1.10320721650519,207
48.0128480339585,9.8909366177171,72,48.0128480339585,9.8909366177171,72
51.1271237949755,15.4441899598629,164,51.1271237949755,15.4441899598629,164
53.0645771546983,11.9369277367832,72,53.0645771546983,11.9369277367832,72
46.4781924750516,2.52361603486889,65,46.4781924750516,2.52361603486889,65
50.8083126690317,18.6379055776179,164,50.8083126690317,18.6379055776179,164
43.3955452964273,-3.86214874942015,188,43.3955452964273,-3.86214874942015,188
41.3660875499296,-0.138828305092197,188,41.3660875499296,-0.138828305092197,188
49.5985678559036,38.8806518124058,208,49.5985678559036,38.8806518124058,208
51.7936659169766,5.3577769928213,154,51.7936659169766,5.3577769928213,154
46.4955221750672,10.6885699274701,86,46.4955221750672,10.6885699274701,86
46.3910814990933,23.4992833265337,171,46.3910814990933,23.4992833265337,171
37.7420592040676,-2.79775869423234,188,37.7420592040676,-2.79775869423234,188
49.0727180530619,35.228477827051,208,49.0727180530619,35.228477827051,208
48.8053277380401,25.0041431435032,208,48.8053277380401,25.0041431435032,208
41.6565595343597,-0.187760956322059,188,41.6565595343597,-0.187760956322059,188
40.5207551669007,9.64719586732436,86,40.5207551669007,9.64719586732436,86
40.5391345164206,-2.11590895347782,188,40.5391345164206,-2.11590895347782,188
49.8174609423885,24.077795482981,208,49.8174609423885,24.077795482981,208
53.4350757205709,21.661704422887,164,53.4350757205709,21.661704422887,164
49.7740256737394,22.7397262243509,164,49.7740256737394,22.7397262243509,164
48.2134229811883,14.0804269609764,57,48.2134229811883,14.0804269609764,57
50.9867629357475,26.3465470767782,208,50.9867629357475,26.3465470767782,208
48.8064806672459,32.0533642791026,208,48.8064806672459,32.0533642791026,208
46.4008661221672,4.38545559294056,65,46.4008661221672,4.38545559294056,65
51.9605608253217,17.4027741443298,164,51.9605608253217,17.4027741443298,164
53.1316697165058,5.49821519080813,154,53.1316697165058,5.49821519080813,154
50.3739095552095,37.397227344853,208,50.3739095552095,37.397227344853,208
46.9010748700654,20.731570688828,81,46.9010748700654,20.731570688828,81
53.0911441895598,19.3026218711804,164,53.0911441895598,19.3026218711804,164
46.1422197085517,17.3472838138706,81,46.1422197085517,17.3472838138706,81
52.0499413572338,22.7038811271875,164,52.0499413572338,22.7038811271875,164
53.8136179861678,9.67609915538146,72,53.8136179861678,9.67609915538146,72
40.3914564777646,-4.53767425701681,188,40.3914564777646,-4.53767425701681,188
50.3369835124303,17.2156722206681,58,50.3369835124303,17.2156722206681,58
48.4543001154647,6.97169617122803,65,48.4543001154647,6.97169617122803,65
47.4783413083662,8.24592542394172,193,47.4783413083662,8.24592542394172,193
48.7586200007094,6.0166468554767,65,48.7586200007094,6.0166468554767,65
50.882480764533,6.31014852934745,72,50.882480764533,6.31014852934745,72
52.6048201889667,11.1068488577983,72,52.6048201889667,11.1068488577983,72
48.3914338072932,9.66323698399074,72,48.3914338072932,9.66323698399074,72
56.5189239899496,-5.64326082486537,207,56.5189239899496,-5.64326082486537,207
47.7154054548186,9.14917323215962,72,47.7154054548186,9.14917323215962,72
47.8659008862822,0.028082097982896,65,47.8659008862822,0.028082097982896,65
39.2479226046186,-6.04304903607918,188,39.2479226046186,-6.04304903607918,188
48.3705433987189,22.4642554282166,208,48.3705433987189,22.4642554282166,208
46.6982319147022,28.1208878591732,171,46.6982319147022,28.1208878591732,171
41.9496176955552,-7.37695100239925,188,41.9496176955552,-7.37695100239925,188
50.5604255267155,17.8352096237995,164,50.5604255267155,17.8352096237995,164
47.0848074700644,14.7319241743175,57,47.0848074700644,14.7319241743175,57
51.8753084462792,20.817489834834,164,51.8753084462792,20.817489834834,164
49.074068861861,9.25476759758551,72,49.074068861861,9.25476759758551,72
40.6378498739226,14.8831475636649,86,40.6378498739226,14.8831475636649,86
47.4265951149112,27.4912999457245,171,47.4265951149112,27.4912999457245,171
49.7358465495843,15.1949315831803,58,49.7358465495843,15.1949315831803,58
47.234766076591,23.1351933504868,171,47.234766076591,23.1351933504868,171
46.901891029603,12.9153980217164,57,46.901891029603,12.9153980217164,57
50.8386056149254,22.3256031747709,164,50.8386056149254,22.3256031747709,164
49.3552899566832,13.9177260446448,58,49.3552899566832,13.9177260446448,58
48.7677345835354,7.28930342359345,65,48.7677345835354,7.28930342359345,65
40.6069025939459,17.3180101633444,86,40.6069025939459,17.3180101633444,86
46.0745511959768,0.97905648906567,65,46.0745511959768,0.97905648906567,65
46.673000911658,30.2061459741424,208,46.673000911658,30.2061459741424,208
47.822924917953,1.58078785361144,65,47.822924917953,1.58078785361144,65
48.3933005905535,14.8385100172006,57,48.3933005905535,14.8385100172006,57
53.2888666527212,10.5090828676688,72,53.2888666527212,10.5090828676688,72
40.9573265753216,14.8344850304002,86,40.9573265753216,14.8344850304002,86
40.1874353266011,0.039740219739727,188,40.1874353266011,0.039740219739727,188
47.8901364336234,24.4973669181527,171,47.8901364336234,24.4973669181527,171
47.0794164302364,12.2182666895945,86,47.0794164302364,12.2182666895945,86
41.300821064665,15.2936493676643,86,41.300821064665,15.2936493676643,86
45.2968292995361,10.4732561555946,86,45.2968292995361,10.4732561555946,86
45.4180155141907,12.2233274661628,86,45.4180155141907,12.2233274661628,86
42.1841089291584,-0.806746040494041,188,42.1841089291584,-0.806746040494041,188
49.8852263251595,30.244413836202,208,49.8852263251595,30.244413836202,208
45.825398572402,0.983748329456496,65,45.825398572402,0.983748329456496,65
51.3259749499671,-0.000696040404129405,207,51.3259749499671,-0.000696040404129405,207
51.6706333160341,26.1901746481227,208,51.6706333160341,26.1901746481227,208
52.8837339458827,15.2138446306561,164,52.8837339458827,15.2138446306561,164
39.877009476985,-6.86843106731585,188,39.877009476985,-6.86843106731585,188
43.7985939645478,7.12044621512676,65,43.7985939645478,7.12044621512676,65
49.2597420033672,29.2216387340171,208,49.2597420033672,29.2216387340171,208
53.3412526171148,16.2038698876051,164,53.3412526171148,16.2038698876051,164
49.085205505042,35.1359330533109,208,49.085205505042,35.1359330533109,208
48.1054310374858,9.12277274379239,72,48.1054310374858,9.12277274379239,72
42.9307081471829,12.9441015869033,86,42.9307081471829,12.9441015869033,86
49.5379492668517,1.22050525727665,65,49.5379492668517,1.22050525727665,65
43.3846307800718,-4.66298044994707,188,43.3846307800718,-4.66298044994707,188
39.1274479480256,-1.64302315811338,188,39.1274479480256,-1.64302315811338,188
50.0285001440975,7.99492376896351,72,50.0285001440975,7.99492376896351,72
54.2591474508157,13.0436984707245,72,54.2591474508157,13.0436984707245,72
53.8131873418919,16.5757282162415,164,53.8131873418919,16.5757282162415,164
48.6095379787645,8.17973807184939,72,48.6095379787645,8.17973807184939,72
45.6611441923931,-0.938486813444804,65,45.6611441923931,-0.938486813444804,65
48.9684912617827,13.5008202467025,72,48.9684912617827,13.5008202467025,72
51.7533525605525,22.5714673510318,164,51.7533525605525,22.5714673510318,164
52.5643238987245,10.257777168464,72,52.5643238987245,10.257777168464,72
43.6911755246873,10.8535694684285,86,43.6911755246873,10.8535694684285,86
53.5162648978825,22.8560788745265,164,53.5162648978825,22.8560788745265,164
52.9886606782378,16.8963613869697,164,52.9886606782378,16.8963613869697,164
41.1650212791892,1.12269805797428,188,41.1650212791892,1.12269805797428,188
50.2951611105869,2.30997341392987,65,50.2951611105869,2.30997341392987,65
48.8701770513496,32.9448666084936,208,48.8701770513496,32.9448666084936,208
52.1761334645406,22.2016713661602,164,52.1761334645406,22.2016713661602,164
47.3156036018856,3.17033449027257,65,47.3156036018856,3.17033449027257,65
52.6881520223913,7.58960732437387,72,52.6881520223913,7.58960732437387,72
48.1167618062552,9.41102440878204,72,48.1167618062552,9.41102440878204,72
49.8459741332198,25.7099077082015,208,49.8459741332198,25.7099077082015,208
51.8377254029638,25.5010057422966,208,51.8377254029638,25.5010057422966,208
42.4464367218038,-5.03784480943986,188,42.4464367218038,-5.03784480943986,188
54.6387418249236,-7.84842519465228,207,54.6387418249236,-7.84842519465228,207
45.5185637944853,28.7752552976617,208,45.5185637944853,28.7752552976617,208
52.0996947827925,19.0421893963645,164,52.0996947827925,19.0421893963645,164
48.9457649355943,16.4657187014337,58,48.9457649355943,16.4657187014337,58
45.9408635035464,24.5568002315138,171,45.9408635035464,24.5568002315138,171
54.6193469514366,-6.04953437272322,207,54.6193469514366,-6.04953437272322,207
43.181537240765,-8.03908359397902,188,43.181537240765,-8.03908359397902,188
49.4843748505581,39.4946109246977,208,49.4843748505581,39.4946109246977,208
51.3231735358358,31.2020429642845,208,51.3231735358358,31.2020429642845,208
40.6863481773943,-3.30353887432616,188,40.6863481773943,-3.30353887432616,188
51.5884747442755,-0.545343374144601,207,51.5884747442755,-0.545343374144601,207
53.8840928792026,12.1253426744999,72,53.8840928792026,12.1253426744999,72
49.1219516323718,6.25414736848267,65,49.1219516323718,6.25414736848267,65
52.8883929092783,20.1386527484941,164,52.8883929092783,20.1386527484941,164
39.1749219933909,-4.40131045068082,188,39.1749219933909,-4.40131045068082,188
48.1057346571217,-1.62495612041559,65,48.1057346571217,-1.62495612041559,65
53.0448363073287,21.7017515764173,164,53.0448363073287,21.7017515764173,164
48.4925324179378,24.8148250465567,208,48.4925324179378,24.8148250465567,208
54.4140326438432,20.0692062141553,164,54.4140326438432,20.0692062141553,164
53.418989020683,13.5711008780538,72,53.418989020683,13.5711008780538,72
47.8404539380093,12.5898647119446,72,47.8404539380093,12.5898647119446,72
54.2281341445615,16.5069812571894,164,54.2281341445615,16.5069812571894,164
49.595275028515,18.020767443362,58,49.595275028515,18.020767443362,58
50.6047849684963,15.854154744075,58,50.6047849684963,15.854154744075,58
52.1420140809188,21.064105507493,164,52.1420140809188,21.064105507493,164
38.447588717757,-7.12724697513325,188,38.447588717757,-7.12724697513325,188
44.9327917270417,6.08095232092582,65,44.9327917270417,6.08095232092582,65
41.2710499515561,-1.90021489387721,188,41.2710499515561,-1.90021489387721,188
42.6311453543139,9.4279909574331,65,42.6311453543139,9.4279909574331,65
43.625075179562,1.90496062478733,65,43.625075179562,1.90496062478733,65
45.9774081327851,7.60295886074109,86,45.9774081327851,7.60295886074109,86
47.9742843823602,5.51488678478227,65,47.9742843823602,5.51488678478227,65
48.1783738386406,18.6622760885477,105,48.1783738386406,18.6622760885477,105
50.7769926569699,22.7028418104198,164,50.7769926569699,22.7028418104198,164
50.6724287189133,-4.42208927314368,207,50.6724287189133,-4.42208927314368,207
45.2360303850576,27.5528561249964,171,45.2360303850576,27.5528561249964,171
39.8739306198486,-3.7768816979509,188,39.8739306198486,-3.7768816979509,188
37.4440856964633,14.7615765077658,86,37.4440856964633,14.7615765077658,86
49.3620609884948,19.2006036523392,105,49.3620609884948,19.2006036523392,105
49.9211062115336,23.5173342721359,208,49.9211062115336,23.5173342721359,208
43.326220204637,11.7621914529733,86,43.326220204637,11.7621914529733,86
51.2909870308981,3.33269370506508,129,51.2909870308981,3.33269370506508,129
43.7673643419066,1.50686918742587,65,43.7673643419066,1.50686918742587,65
48.999440338549,37.7424242128895,208,48.999440338549,37.7424242128895,208
51.3632531000604,18.811669286529,164,51.3632531000604,18.811669286529,164
50.6304793328578,27.7243326123543,208,50.6304793328578,27.7243326123543,208
43.5476635138009,-6.42006011661007,188,43.5476635138009,-6.42006011661007,188
45.348023929829,2.78866908088472,65,45.348023929829,2.78866908088472,65
53.3441306599404,-4.28555204778061,207,53.3441306599404,-4.28555204778061,207
49.381252243703,17.8962341266487,58,49.381252243703,17.8962341266487,58
38.7074541529847,-5.86165597576274,188,38.7074541529847,-5.86165597576274,188
53.0316321122013,22.9367854481832,164,53.0316321122013,22.9367854481832,164
51.596325028348,14.5226954352859,72,51.596325028348,14.5226954352859,72
52.4634572104985,-3.7103001470658,207,52.4634572104985,-3.7103001470658,207
48.6221383637847,37.3177479604973,208,48.6221383637847,37.3177479604973,208
42.6793946859259,-7.72636775022559,188,42.6793946859259,-7.72636775022559,188
48.3444070614527,28.868710846707,208,48.3444070614527,28.868710846707,208
51.4302729072504,15.8967174889332,164,51.4302729072504,15.8967174889332,164
50.3231505801357,21.3162418098918,164,50.3231505801357,21.3162418098918,164
45.5486254953693,4.23026281974415,65,45.5486254953693,4.23026281974415,65
54.6197208369578,17.5855334403603,164,54.6197208369578,17.5855334403603,164
46.8060018190359,14.7363375289739,57,46.8060018190359,14.7363375289739,57
42.9799930603222,11.4170928845536,86,42.9799930603222,11.4170928845536,86
43.9749526629883,3.17398125289952,65,43.9749526629883,3.17398125289952,65
54.0668752702016,17.4742439056641,164,54.0668752702016,17.4742439056641,164
53.8562709216147,16.5500411115269,164,53.8562709216147,16.5500411115269,164
50.6670821720566,15.3385111553791,58,50.6670821720566,15.3385111553791,58
42.4628616853341,11.6631544520643,86,42.4628616853341,11.6631544520643,86
52.4552408611366,19.138589554464,164,52.4552408611366,19.138589554464,164
50.979093103904,19.5271846210712,164,50.979093103904,19.5271846210712,164
56.606034662229,-5.32563149104649,207,56.606034662229,-5.32563149104649,207
48.2107303637875,18.9460762144079,105,48.2107303637875,18.9460762144079,105
47.4441938408752,23.6804714389338,171,47.4441938408752,23.6804714389338,171
50.4087995579228,33.6034798188449,208,50.4087995579228,33.6034798188449,208
42.6008133284312,-4.90652736258269,188,42.6008133284312,-4.90652736258269,188
50.497273762774,17.2179777416734,164,50.497273762774,17.2179777416734,164
44.7595779417475,2.37291514426302,65,44.7595779417475,2.37291514426302,65
53.9467239467828,13.6726929116019,72,53.9467239467828,13.6726929116019,72
45.200914341718,-0.802078509441365,65,45.200914341718,-0.802078509441365,65
47.6869209707078,0.64993770417518,65,47.6869209707078,0.64993770417518,65
54.1954046201073,22.2815854195357,164,54.1954046201073,22.2815854195357,164
53.8019708883423,15.2000264017394,164,53.8019708883423,15.2000264017394,164
48.9170166372251,1.02454319171039,65,48.9170166372251,1.02454319171039,65
37.5212520029031,-3.50342661862162,188,37.5212520029031,-3.50342661862162,188
53.11482710414,7.98687907531684,72,53.11482710414,7.98687907531684,72
50.2451730520363,9.01451434009498,72,50.2451730520363,9.01451434009498,72
47.5296259494328,33.1826659979822,208,47.5296259494328,33.1826659979822,208
50.2599652359134,29.1105482227387,208,50.2599652359134,29.1105482227387,208
51.9849348375616,16.9212536139256,164,51.9849348375616,16.9212536139256,164
50.0395655350181,21.3075563534351,164,50.0395655350181,21.3075563534351,164
48.4448094005315,36.0786184290152,208,48.4448094005315,36.0786184290152,208
53.7685291076847,21.2030713050863,164,53.7685291076847,21.2030713050863,164
46.9073597400671,32.3149929825251,208,46.9073597400671,32.3149929825251,208
47.7858364158082,5.55115398060352,65,47.7858364158082,5.55115398060352,65
55.2597931305802,-1.80643572970077,207,55.2597931305802,-1.80643572970077,207
50.0455262126485,24.698319605664,208,50.0455262126485,24.698319605664,208
49.8818379951044,1.93599889831527,65,49.8818379951044,1.93599889831527,65
41.5014514579964,1.13062328553683,188,41.5014514579964,1.13062328553683,188
51.080461342211,8.70317516764649,72,51.080461342211,8.70317516764649,72
47.6815729185283,-1.85494583047284,65,47.6815729185283,-1.85494583047284,65
47.1632283810605,12.229438083336,57,47.1632283810605,12.229438083336,57
53.997636948217,12.304932821096,72,53.997636948217,12.304932821096,72
49.8912864503199,19.9443434018722,164,49.8912864503199,19.9443434018722,164
47.0400870550946,31.535171823414,208,47.0400870550946,31.535171823414,208
37.5553208844899,-4.83783380594996,188,37.5553208844899,-4.83783380594996,188
46.5120399488928,19.4516626340753,81,46.5120399488928,19.4516626340753,81
53.9708895010779,12.2754321427962,72,53.9708895010779,12.2754321427962,72
38.2556577200166,-6.1602650407496,188,38.2556577200166,-6.1602650407496,188
51.3117656482909,27.2560734182771,208,51.3117656482909,27.2560734182771,208
50.0204674716182,6.14140369964122,72,50.0204674716182,6.14140369964122,72
41.3457099350882,14.2369160032878,86,41.3457099350882,14.2369160032878,86
40.6136949403517,15.3304483019143,86,40.6136949403517,15.3304483019143,86
53.1324295001831,-0.367235515230881,207,53.1324295001831,-0.367235515230881,207
41.3588316255774,13.0772610638717,86,41.3588316255774,13.0772610638717,86
41.131573401176,-4.83677274627489,188,41.131573401176,-4.83677274627489,188
46.440978572418,30.675445590833,208,46.440978572418,30.675445590833,208
47.1757492340661,7.46521442938015,193,47.1757492340661,7.46521442938015,193
48.6264541783649,11.9391829118512,72,48.6264541783649,11.9391829118512,72
46.0023239124497,3.87652707754758,65,46.0023239124497,3.87652707754758,65
58.2039427862806,-4.0341105198528,207,58.2039427862806,-4.0341105198528,207
52.9375552806201,9.13024070119538,72,52.9375552806201,9.13024070119538,72
50.0871479731082,10.3130853450806,72,50.0871479731082,10.3130853450806,72
